,text,depression_level
1,"Deber√≠an eliminar a las malas personas y a los que odiamos vivir
... el mundo ser√≠a mejor sin nosotros",3 star
2,Ya deja de intentar contarle tus problemas a alguien. Entiende A NADIE LE IMPORTAS!!!!!,4 stars
3,"La tristeza es lo m√°s f√°cil de ocultar de todos los sentimientos que trae consigo la depresi√≥n

#LaDepresi√≥nEsMulticolor",5 stars
4,"De las peores cosas de la depresi√≥n es que no te deja ganas de vivir... Ni de matarte.
S√≥lo te tiene aqu√≠, agonizando",3 stars
5,"La soledad es lo √∫nico constante en mi vida. Creo que nunca conocer√© el AMOR, la AMISTAD, la FELICIDAD... lo que es VIVIRYa me cans√©!",5 stars
6,"Quiero desaparecer, pero al mismo tiempo quisiera que alguien se diera cuenta el infierno en el que vivo",2 stars
7,"No madre, no estoy enferma de flojera
no, no tengo narcolepsia

...ME EST√Å CONSUMIENDO LA DEPRESI√ìN",2 stars
8,"Mi vida no tiene sentido.

...tengo las mismas ganas de irme de este mundo, como aquel que est√° en una fiesta donde‚Ä¶ EXTERNAL_LINK",1 star
9,"Ya me cans√© de ser gorda
Ya me cans√© de ser un fracaso
Ya me cans√© de ser
... Ya quiero irmeeeeeeeee!!!",2 stars
10,Seg√∫n mis c√°lculos yo ya deber√≠a estar muerta,3 stars
11,"odio sentirme tan inc√≥moda rodeada de gente, odio sentirme insegura cuando la gente me mira",1 star
12,Cada d√≠a m√°s ganas de morir,1 star
13,"Que raro se siente estar en neutro, ni triste ni feliz, solo est√°s ah√≠, sin sentir nada",1 star
14,"soy tan t√≥xica conmigo misma que me pongo a pensar cosas que me hacen mal o me imagino situaciones para ponerme mal, no doy m√°s de pelotuda",2 stars
15,"Nunca les paso que se empiezan a sentir triste de la nada, y sentis un vac√≠o dentro tuyo que no sabes c√≥mo llenar y‚Ä¶ EXTERNAL_LINK",1 star
16,"Necesito atenci√≥n y contenci√≥n constante porque tengo 0 estabilidad mental y emocional, que paja relacionarse conmigo",1 star
17,Ultimamente mi estabilidad emocional esta mas inestable que el clima en oto√±o me encantar√≠a tener un bot√≥n que diga‚Ä¶ EXTERNAL_LINK,2 stars
18,"Es muy feo cuando se te juntan tus problemas con el estr√©s, ansiedad, depresi√≥n, es como una bomba a punto de explotar",2 stars
19,Que bueno ser√≠a despertar con autoestima,5 stars
20,Tanto dolor me esta consumiendo,1 star
21,"Odio esos d√≠as en los que no sabes qu√© te pasa, te falta algo, alguien, no lo sabes, pero est√°s re baj√≥n",2 stars
22,Me quiero morir ya.,1 star
23,"No s√© si esta noche podr√© pormir,√±e.",1 star
24,Creo que ya nada puede llenar el vacio que siento dentro de mi.,1 star
25,Siento una necesidad muy grande de autolesionarme.,1 star
26,Quiero dejar de llorar por todo.,1 star
27,Siempre me siento mal.,1 star
28,"Que mal me siento,que mal.",1 star
29,No sab√≠a que me podia llegar a doler tanto una cosa as√≠...,2 stars
30,No tengo ganas de vivir.,1 star
31,Qu√© dif√≠cil es todo.,2 stars
32,"A veces quiero desaparecer y ver a quien le importo,pero luego pienso en que no le importo a nadie,y se me quitan las ganas de todo.",2 stars
33,"No consigo animarme con nada. Solo quiero sentir lo de antes,no sentir ese puto dolor.",1 star
34,"Me despierto por una pesadilla que me deja pensando por horas, no lo soporto..",2 stars
35,Nose para que vine a este mundo si solo tengo y causo problemas..,5 stars
36,Mi presentimiento de que iba a ser un a√±o de mierda se cumpli√≥..,3 stars
37,"Ocultas la Depresi√≥n detr√°s de una sonrisa y un ""Estoy Bien""..",1 star
38,Siento que todo el mundo se alej√≥ de m√≠ por ser una molestia o simplemente una carga..,1 star
39,"La Depresi√≥n no es siempre la chica que grita en el ba√±o o el chico que siempre lleva mangas largas, no siempre son‚Ä¶ EXTERNAL_LINK",2 stars
40,Y es realmente deprimente saber que nunca he sido suficiente para alguien..,1 star
41,"Estos d√≠as mi cabeza no descansa, piensa, piensa y piensa, me ahoga, me lastima, me confunde, me hiere..",1 star
42,Que vida de mierda tengo..,1 star
43,Alg√∫n d√≠a podr√© dejar de sentirme tan mierda?..,1 star
44,Solo quiero dormir y llorar..,1 star
45,Odio no poder dormir porque pienso demasiado y me largo a llorar..,1 star
46,Otra noche donde no puedo dormir porque los pensamientos no me dejan tranquila..,2 stars
47,"Mi adolescencia y juventud se baso en llorar, cortes, crisis depresivas, sentirme sola y una completa mierda, odiar‚Ä¶ EXTERNAL_LINK",2 stars
48,Estoy cansada de fracasar en todo..,1 star
49,"Ya no quiero vivir m√°s, tengo miedo al resto del a√±o..",2 stars
50,"Han regresado a m√≠ la Tristeza, la Soledad, la Depresi√≥n, el Miedo, la Ansiedad, el Odio, las ganas de cortarme, la‚Ä¶ EXTERNAL_LINK",5 stars
51,Cansada de ODIARME.,1 star
52,"Las l√°grimas caen por mi rostro, estoy sola, no tengo a nadie.",1 star
53,"Estoy tan sola, tan triste, tan rota.",1 star
54,No merezco estar viva.,1 star
55,En serio estoy triste por ser como soy.,2 stars
56,"Me siento como un fantasma, no soy nadie.",1 star
57,Me parece imposible que alguien se fije en m√≠.,2 stars
58,"Me pod√©s preguntar como estoy y siempre te voy a decir que bien. Mis sentimientos ya no me importan, puedo hundirme y me da igual.",5 stars
59,"Me quiero matar, tom√© de m√°s y dije un par de cosas que me pasan. Como que me odio, me corto y no estoy bien.",2 stars
60,Alguien me extra√±ar√≠a? A alguien le importar√≠a?,1 star
61,"Siempre uno piensa que se puede salir del todo, y no volver a recaer nunca. 
Pero lamentablemente, aunque intentes‚Ä¶ EXTERNAL_LINK",1 star
62,No veo razones para vivir. EXTERNAL_LINK,3 stars
63,Odio tener reca√≠das! Eso muestra lo d√©biles que somos.,1 star
64,"Siempre la misma mierda, siempre me pasa todo a m√≠. 
Siempre arruinando todo.",5 stars
65,Que ganas de mandar todo a la mierda y morirme de una buena vez por todas.,5 stars
66,Todo en mi mundo es una mierda.,1 star
67,"Despu√©s de tanto tiempo, hoy siento que voy a volver a caer.",1 star
68,Me estan volviendo a invadir los pensamientos negativos.,5 stars
69,"Cu√°ndo uno cree que ya sali√≥ de todo esto, siempre pasa algo que te vuelve a hacer recaer,  es algo interminable.",3 stars
70,Otra vez empiezo a sentirme sola..  Vacia.,1 star
71,Siempre termino estando sola. Siempre.,5 stars
72,"Mirenmen ,no valgo nada",1 star
73,Cansada de mi vida,1 star
74,"No soy una persona estable, no te acerques a mi",2 stars
75,Yo ya no puedo ser fuerte porque no tengo fuerzas,2 stars
76,Simplemente estoy cansada de que me fallen y sentirme una mierda todo √©l tiempo.,1 star
77,Mi vida consiste en estar mal,1 star
78,Soy tan in√∫til,1 star
79,"Me canse ,explote y otra vez enloquec√≠",1 star
80,Todo es una mierda.,1 star
81,"Necesito a alguien que pueda salvarme ,solo quiero a alguien que me salve de tanta mierda",1 star
82,Una fracasada eso es lo que soy ya no aguanto tanta precion,1 star
83,Tengo miedo constantemente,2 stars
84,No quiero existir mas es mucho sufrimiento la vida,1 star
85,A veces el mundo se me cae encima.,3 stars
86,"Pens√© que hab√≠a superado este dolor,  he vuelto a caer.",1 star
87,Este dolor me esta matando por dentro.,1 star
88,"Me gustar√≠a poder borrar todo de mi mente, as√≠ no sentir√≠a constantemente que estoy cayendo.",3 stars
89,"Comenc√© a ponerme mal, las peque√±as cosas que sol√≠an hacerme feliz ahora me dan igual,siento un vac√≠o y un gran dolor en mi pecho.",2 stars
90,"Llor√©.Llor√© y no s√© porqu√©. Solo s√© que necesitaba hacerlo. Necesito llorar toda la noche, aunque, no me sienta mejor.",3 stars
91,Me siento tan vac√≠a.,2 stars
92,"En este momento soy un desastre, por dentro y por fuera.",1 star
93,No quiero acostumbrarme a la felicidad si s√© que despu√©s vendr√° el dolor acompa√±ado de llanto y depresiva soledad. EXTERNAL_LINK,1 star
94,"Cuando estoy mal siento que deber√≠a llorar o gritar, pero no puedo, simplemente me quedo callada, me acuesto en mi cama y solo pienso.",1 star
95,Llevo un enorme vac√≠o en mi pecho.,1 star
96,A veces tengo la sensaci√≥n de ahogarme en mis propios sentimientos.,3 stars
97,"No importa cuanto me esfuerce,nunca soy suficiente para nada ni para nadie",1 star
98,"Me gustar√≠a ser fuerte,pero me derrumbo por todas partes",2 stars
99,"Trato de no perder las esperanzas, pero la esperanza alg√∫n d√≠a me va a matar. Porque estoy buscando algo que nunca va a pasar.",4 stars
100,"Mi vida se basa en fingir estar bien...y pensandolo bien,eso no es vida",2 stars
101,"La soledad y la depresi√≥n han sido mis verdaderas mejores amigas,nunca me han dejado s√≥lo.",5 stars
102,Aveces simplemente quiero dormir y no despertar m√°s.,5 stars
103,"Perd√≥n por ser inestable, inseguro,t√≠mido, en fin, un desastre.",1 star
104,"Te juro que lo estoy intentando,pero parece que la vida va siempre en mi contra.",2 stars
105,Y si mejor me muero?,2 stars
106,Ya no s√© que hacer...mi mundo simplemente se derrumba,1 star
107,"No me encierro en mi cuarto porqu√© me guste estar sola, no me encierro en mi cuarto por ser antisocial, simplemente‚Ä¶ EXTERNAL_LINK",1 star
108,"A veces me siento triste, cansado y desgraciada sin ninguna raz√≥n",1 star
109,Estoy cansada de vivir. EXTERNAL_LINK,1 star
110,Est√°s ganas de llorar hasta quedarme dormida...,5 stars
111,"A veces es mejor estar solo, nadie puede lastimarte",3 stars
112,"Nada esta bien, pero... A qui√©n se lo cuento??",1 star
113,Mi vida se est√° desmoronando ante mis ojos y no tengo fuerzas ni para levantarme,1 star
114,"Es tan complicado encontrar razones o motivos en medio de aquel torbellino de sensaciones, es como estar dentro de‚Ä¶ EXTERNAL_LINK",2 stars
115,Ojal√° y esto se acabe pronto..,3 stars
116,"Por m√°s que intentas, todo parece empeorar y cada d√≠a ser m√°s oscuro.",2 stars
117,Mis d√≠as cada vez son m√°s mierda üòí,1 star
118,Me quiero morir,1 star
119,Las ganas de lastimarme aumentan y no f√≠sico.,2 stars
120,"es como que a veces yo sola me dejo caer

es como que

a veces

no quiero mejorar",2 stars
121,Odio ser yo,5 stars
122,"s√≥lo a mi me pasa que a veces siento un vac√≠o en el pecho y no es por extra√±ar a alguien, o estar triste, sino que‚Ä¶ EXTERNAL_LINK",2 stars
123,"estoy tan deprimida. no soporto m√°s, nada de esto.",1 star
124,"desde hace much√≠simo siento que me muero, que se me consume el coraz√≥n, que tengo un vac√≠o en la panza que no me de‚Ä¶ EXTERNAL_LINK",1 star
125,me siento miserable,1 star
126,que falta de estabilidad,2 stars
127,ansiedad ansiedad ansiedad ansiedad ansiedad ansiedad ansiedad ansiedad ansiedad ansiedad ansiedad ansiedad ansieda‚Ä¶ EXTERNAL_LINK,3 stars
128,No me importa nada.,1 star
129,Un saludo a mi psicol√≥ga que solo finge conmigo y le importa una mierda mi vida.,5 stars
130,Siento que me pierdo dentro de mi mente.,2 stars
131,Otra vez fallando en el intento de matarme.,1 star
132,esto me est√° pesando demasiado al grado de no poder dormir,2 stars
133,"YA NO SE COMO PEDIR AYUDA, NADIE ME LA VA A DAR",1 star
134,"Ya no quiero seguir existiendo, eso es irreparable, arruine mi infancia, mi pubertad, mi adolescencia, ya no quiero‚Ä¶ EXTERNAL_LINK",1 star
135,"esto me rompe y me hace llorar, saber que nada es estable me desvanece",1 star
136,"el problema empieza cuando piensas demasiado, al final del d√≠a y terminas ahogada en sentimientos abominables",2 stars
137,"Me odio. Me detesto tanto que quisiera asesinarme, pero no quiero herir a mas personas.",5 stars
138,realmente no tengo a nadie,1 star
139,"Nadie va a estar ah√≠ cada vez, nunca nadie estuvo. Por favor s√°came de esto.",1 star
140,"me siento abandonada, supongo que los que amo encontraron algo mejor",2 stars
141,"me pregunto si alg√∫n d√≠a estar√© bien, si alg√∫n a√±o sera bueno o cuando dejare esta depresi√≥n atr√°s",2 stars
142,Mi vida es una mierda y la culpa es toda mia. Me odio much√≠simo.,5 stars
143,"Ahora mismo lo que mas deseo es morir. Basta, como hago que pare el dolor?",1 star
144,"Como quieren puedo seguir as√≠? No tengo fuerzas, de verdad",5 stars
145,"Huir, todo lo que se hacer. Me odio.",5 stars
146,"Otra vez hago sentir decepcionados a mis padres, para nada sirvo yo. Ojal√° morir.",1 star
147,"Si me rindo, me podr√≠a mi familia perdonar? Mis amigos? Si saben lo cansada que estoy, podrian compadecerse?",1 star
148,"Las cosas no estan tan mal, tengo amigos supongo y eso, solo... No dejo de sentirme tan mal, ya no se que mas hacer  estoy muy cansada.",2 stars
149,"No puedo creer lo mucho que he cambiado, lo mal que estoy haciendo todo y en que persona tan mierda me he convertido",1 star
150,"Me deprime ir a la escuela y ver a todos ah√≠ gritando y riendo mientras yo estoy sola con el celular, que mierdaa todo",1 star
151,"Me duele mucho la cabeza, puedo parar de llorar ahora?",1 star
152,"Puede ser que tenga tanta tristeza que, aun sin pensar en lo que la causa, est√° ah√≠, todo el maldito tiempo",1 star
153,"Que mas da si miento sobre como me siento, da igual, siempre estoy mal y nada de lo que pueden hacer me har√≠a sentir mejor, da igual lpm",1 star
154,Me siento tan vac√≠a,2 stars
155,Pensar en el tiempo me pone triste,2 stars
156,"Reconozco que estoy en mis d√≠as malos, puedo aparentar que todo est√° bien pero por dentro me estoy muriendo y soy capaz de cualquier cosa",1 star
157,"Tengo miedo, siento que de a poco voy a caer de nuevo. Estoy ""bien"" pero cualquier cosa me puede hacer mal, tengo miedo",2 stars
158,Nadie entiende el horrible momento que estoy pasando y cada vez me siento m√°s sola,1 star
159,"Me canse, me doy por vencida, literalmente no puedo m√°s, estoy por explotar en cualquier momento",1 star
160,"Hoy soy capaz de todo, total de dejar de sufrir, har√≠a cualquier cosa",5 stars
161,"Estaba so√±ando que me ahogaba y no pod√≠a respirar, me despert√© asustada y no estaba respirando",1 star
162,"Llorar tanto hasta que las v√≠as respiratorias se taparon y no tener fuerza para respirar, eso est√° pasando. No puedo m√°s",2 stars
163,Siempre le tuve miedo a llegar al punto de querer suicidarme y ya lo intente varias veces,5 stars
164,Ya una vez quise dormir para siempre a trav√©s de una pastilla s√© que hoy soy capaz de hacerlo de nuevo,5 stars
165,Otra vez l√≠neas en todas mis mu√±ecas,5 stars
166,"Estoy cansada de cada vez que estoy mal cortar mis brazos o mis piernas, estoy cansada de esto. Por una vez quiero sentirme apoyada",1 star
167,Tengo Que Fingir Todo El Tiempo Para Evitar Estar Siempre Llorando.,5 stars
168,Ya No Se Que Sentir.,2 stars
169,Estoy Cansada De Caer Y Deprimirme Por Cualquier Cosa.,1 star
170,No Bromeo Cuando Digo Que Desearia Estar Muerta.,1 star
171,"Lo Peor De Todo , Es Que Soy Consciente De Que Me Estoy Matando.",1 star
172,"Me Siento Mal , Peor Que Mal , Me Siento Destrozada.",1 star
173,Me Siento Un Puto Asco Todos Los Dias.,1 star
174,Hay Dias En Lo Que Solo Quiero Desaparecer.,5 stars
175,¬øY Si Mejor Me Muero?,1 star
176,Al Final Todos Me Fallaron.,1 star
177,No puedo sentirme tsn msl,1 star
178,Nada me activa a cambiarrr,1 star
179,No puedo parar de comer,1 star
180,Que ganas de morirme,1 star
181,No me puedo sentir tan mal üò•üò≠üò≠üò≠,1 star
182,Comer xq te obligan y otras cosas de hacerte mierda,5 stars
183,Necesito ser flaca,2 stars
184,Me pone mas mal de lo que estoy hacer sentir mal a otras personas por no querer contar lo que me pasa,2 stars
185,No puedo seguir asiüò≠üò≠üò≠,1 star
186,Asco me doy,5 stars
187,quiero desaparecer YA,1 star
188,"me siento muy mal todav√≠a, lo peor es que digo que al otro d√≠a voy a estar mejor y NO",1 star
189,"estoy muy cansada, quiero dormir y no despertarme m√°s.",1 star
190,"me acuerdo cuando me dio un ataque de p√°nico en el auto con dos amigos, yo estaba por tirarme de la ventana mientra‚Ä¶ EXTERNAL_LINK",1 star
191,estoy perdida.,1 star
192,quiero dormir pero no me voy a permitir irme a dormir as√≠ de triste y menos llorando.,1 star
193,por qu√© no puedo parar de llorar aaaaa,1 star
194,como que se est√° repitiendo todo lo mismo de antes y s√© que la voy a volver a pasar mal,1 star
195,estoy rota otra vez,1 star
196,estoy harta de llorar y no hacer nada para arreglarlo.,1 star
197,No puedo dejar de llorar,1 star
198,La depresi√≥n me gan√≥ y espero esta noche morirme,1 star
199,Ganas de morirme,1 star
200,No puedo con mis pensamientos,1 star
201,"Cre√≠ que ya hab√≠a salido de toda esta mierda, pero no fue as√≠. En realidad nunca he salido y estoy peor que antes.",1 star
202,"Una vez me hicieron sentir que la culpa de todo la ten√≠a yo, que era un desastre, me hicieron sentir que no sirvo p‚Ä¶ EXTERNAL_LINK",1 star
203,"Volvemos a sentirnos mal de nuevo y no hay nada que pare las ganas de llorar,volvemos a los pensamientos que tanto‚Ä¶ EXTERNAL_LINK",1 star
204,"Un corte,dos cortes,tres cortes y muchos mas",5 stars
205,"Estoy hundida,no encuentro salida,habia podido sacar un poco mis ganas de morirme pero volvi a caer en toda esta mi‚Ä¶ EXTERNAL_LINK",1 star
206,No quiero que mis demonios tomen control de nuevo sobre mi porque sino voy a caer,1 star
207,"soy as√≠ 
insegura, 
molesta,
depresiva, 
complicada, 
celosa, 
gritona, 
exhaustiva, 
insistente, 
problem√°tica, 
i‚Ä¶ EXTERNAL_LINK",1 star
208,Me siento como si estuviera muerta y nadie lo nota,1 star
209,Que ganas de dormir para siempre,5 stars
210,"A quien miento si yo misma estoy cansada de mi,soy un estorbo para todos,un problema y siento que todos estarian me‚Ä¶ EXTERNAL_LINK",1 star
211,Para vivir as√≠ lo mejor ser√≠a dejar de hacerlo.,5 stars
212,Estoy harto de vivir asi.,5 stars
213,Ya no aguanto mas.,2 stars
214,"El miedo, la baja autoestima y el continuo pensamiento de que piensan mierda de mi no me dejan relacionarme.",1 star
215,"Me estoy convirtiendo en algo que no quiero, alguien borde y sin sentimientos por nadie.",5 stars
216,Mejor irse que la cosa va a peor como cada noche.,1 star
217,"Entiendo perfectamente las miradas de asco, soy inferior a cualquiera.",5 stars
218,"Soy demasiado debil mentalmente, por eso soy un inutil y por eso estoy asi.",2 stars
219,No puedo ser m√°s mierda.,2 stars
220,"Ojala morirme pronto, esto es insoportable.",1 star
221,Ojala tener valent√≠a para suicidarme.,1 star
222,"Cada d√≠a molesto y hablo menos con la gente, es lo mejor.",5 stars
223,Soy una mierda para todos y eso me hace m√°s mierda aun.,1 star
224,"L√°stima no atreverme a acabar con todo, ser√≠a lo f√°cil y lo correcto para mi y para todos.",5 stars
225,"Estoy tan triste, tan vac√≠a, me siento tan mal",1 star
226,Que insano eso de estar todo el d√≠a llorando üôçüèº‚Äç‚ôÄÔ∏è,5 stars
227,"Estoy cansada de llorar, estuve toda la semana llorando",1 star
228,No se que hacer con mi vida,1 star
229,Tengo un mal presentimiento de que no voy a salir de esta por mucho tiempo üòî,1 star
230,Me desespera m√°s no poder salir de esta depreciaci√≥n que estar en ella,1 star
231,"Estoy tan depresiva, tan sola, tan vac√≠a",1 star
232,"Todo el d√≠a con un nudo en la garganta, un vac√≠o en el est√≥mago y un dolor en el pecho...",1 star
233,Cada vez estoy m√°s hundida en todo esto y no veo que alguien me intent√© ayudar a salir adelante,1 star
234,"Yo ya hab√≠a salido de todo esto, de esta soledad",5 stars
235,No puedo dormir. Ni quiero.,1 star
236,"Tratamiento, d√≠a 736. El psiquiatra ten√≠a raz√≥n cuando me coment√≥ no cambiar la dosis de la medicina si iba a tener‚Ä¶ EXTERNAL_LINK",1 star
237,No puedo dormir y La Venus de las pieles no es la mejor compa√±√≠a.,2 stars
238,"Tratamiento, d√≠a 708. No recuerdo un d√≠a en el que haya estado m√°s triste y apagada durante el tratamiento como hoy‚Ä¶ EXTERNAL_LINK",1 star
239,Tard√© tanto en quedarme dormida anoche que ahora estoy toda deshecha en la cama y ya es bastante tarde.,2 stars
240,"Tratamiento d√≠a, 712. Me siento cansada, triste y a la expectativa.",1 star
241,"Tratamiento, d√≠a 836. Escuch√© que el humano se enferma porque no pone orden a lo que piensa y siente. As√≠, toma med‚Ä¶ EXTERNAL_LINK",1 star
242,Ayer se me olvid√≥ tomar la venlafaxina y hoy estoy mareada pero mi flojera es mayor.,2 stars
243,"Tratamiento, d√≠a 718. Hoy comenc√© el d√≠a estando desanimada y triste. El ejercicio me ayud√≥ mucho, estoy pensando e‚Ä¶ EXTERNAL_LINK",5 stars
244,"Tratamiento, d√≠a 830. Estoy triste y estresada. Aun as√≠ me r√≠o f√°cil, fuerte y con ganas, como si en ese momento no‚Ä¶ EXTERNAL_LINK",3 stars
245,"Tratamiento, d√≠a 834. Explot√© por frustraci√≥n y enojo. Llor√© y me desahogu√© y listo, dej√© de ser verde.",1 star
246,Dice mi cuerpo que baje por comida pero no se mueve ni hace el intento.,1 star
247,"Tratamiento, d√≠a 832. Les dije a mis pap√°s que no era malo tener miedo, llorar o enojarse. Y creo que se sacaron de‚Ä¶ EXTERNAL_LINK",1 star
248,"Tratamiento, d√≠a 620. A ratos estoy muy triste y a veces se me olvida todo lo que pueda tener dentro. ¬øEs porque me voy a casar?",1 star
249,Odio ser tan insegura de todo; estoy cansada de vivir con ese constante miedo de fallar y decepcionar a las personas que mas quiero.,1 star
250,"Me siento la persona mas reemplazable del mundo, siempre.",5 stars
251,"Quiero estar bien y no lo consigo, por mucho que me esfuerce siempre va a haber algo que me haga mal.",2 stars
252,Mis ganas de cortarme son enormes. üò©,1 star
253,"Estoy tan acostumbrada a estar mal, que ya no trato ni de entender que me pasa.",1 star
254,Cada d√≠a se vuelve mas insoportable fingir que estoy bien cuando en realidad no es as√≠.,2 stars
255,Mi vida ser√≠a tan diferente si tuviera aunque sea un poco de autoestima.,3 stars
256,"Hay d√≠as en los que el vac√≠o que llevo dentro se siente mas pesado que otras veces, pero no entiendo por qu√©.",3 stars
257,Siento que no encajo en ning√∫n lugar.,2 stars
258,Que triste sentirse en tanta soledad cuando estas rodeado de gente que dice ser tu amigo.,1 star
259,Odio esa sensaci√≥n de no ser suficiente para nadie.,1 star
260,"√öltimamente no soporto ni la m√≠nima cosa, ya me cansaron",1 star
261,Que alguien me diga por qu√© en las noches me pongo re insoportable,1 star
262,Que vida de mierda la m√≠a :(,1 star
263,Me siento muy triste y bueno ma√±ana seguro amanezco peor,1 star
264,Es inicio de semana y ya estoy cansada y estresada,1 star
265,"Tengo sue√±o, flojera, cansancio, hambre, tengo todo, menos felicidad",1 star
266,La hora que es y yo sin poder dormir lpm,5 stars
267,No soporto nada,1 star
268,"Seguro si vuelvo a cerrar todas mis redes como hace a√±os, nadie lo va a notar porque a todos les importo una mierda",1 star
269,Hace una hora me sent√≠a de lo m√°s feliz y ahorita s√≥lo me quiero morir,1 star
270,Todo el tiempo me siento triste lpm ya estoy harta,1 star
271,Me siento ahogada...,1 star
272,Cuando te pones a leer la historia cl√≠nica y ves la parte de cuando iba al psic√≥logo y psiquiatra...üî´üî´üî´,5 stars
273,"A veces uno cae en depresi√≥n, y s√≥lo quiere abrazar a alguien para desahogarse, pero no puede... No hay nadie a quien abrazar.",2 stars
274,√öltimamente no estoy soportando nada... que mierda me esta pasando,1 star
275,Soy el ejemplo de decepci√≥n en pinta sin duda,1 star
276,Una decepci√≥n atr√°s de otra...,1 star
277,No puedo hacer nada bien...,1 star
278,Lo que me odio no tiene explicaci√≥n....,1 star
279,Ni ganas de vivir...,1 star
280,Autoestima por el piso...,1 star
281,Esto no se puede llamar vida si todo los d√≠as te despiertas deseando nunca mas hacerlo....,1 star
282,"Al final siempre se vuelve a caer en lo mismo, una y otra vez",2 stars
283,La cabeza llena de demonios,1 star
284,"Podes sentirte bien varios d√≠as, pero en algun momento volves a caer en ese mismo agujero que tanto te costo salir",2 stars
285,"No sirvo para nada, y nunca servi",1 star
286,"Me inundan las ganas de volver a cortarme,  sentir la navaja en mi piel, intento resistirme, aunque se que voy a volver a perder esta guerra",1 star
287,Que ganas de romper todo,1 star
288,Me siento tan perdida,1 star
289,Nunca me senti tan sola,1 star
290,"Soy un desastre, un maldito desastre",1 star
291,"Cuando sientes que no puedes estar peor, pasa algo que te hacer dar cuenta que hay un pozo m√°s profundo",3 stars
292,"No siento mi cuerpo, me duele todo. Preferir√≠a estar muerta.",1 star
293,"Primera sesi√≥n con mi psic√≥loga despu√©s de mucho y quiere que hable de mi ex. 
Est√°s loca mujer., M√°s que yo",5 stars
294,"Para que mierda existo si me siento tan sola, estoy harta.",2 stars
295,No me levant√© en todo el d√≠a de mi cama. No quiero que me molesten,2 stars
296,"No tengo miedo de medicarme, solo espero que sea mejor para m√≠ y no termine peor que ahora",3 stars
297,"Porque la vida me sigue pegando tan duro, ya no puedo m√°s.",5 stars
298,Desde anoche no se me quita esa sensaci√≥n de no poder respirar,1 star
299,"Tengo mil ganas de pegarme un tir√≥, de acabar con toda esta mierda
Ya no puedo m√°s, ya nadie me puede salvar.",1 star
300,Quiero dejar de sentirme mal todo el tiempo.,1 star
301,El ataque de ansiedad que tuve ayer fue uno de los m√°s feos en toda mi vida.,5 stars
302,"La noche est√° fr√≠a, no puedo dormir
Ojal√° el insomnio se fuera, pero nunca se va.",1 star
303,L√°grimas de noche un infierno de d√≠a,5 stars
304,Hoy estoy m√°s ca√≠da que nunca.,1 star
305,No lleg√≥ a nada. Siempre me qued√≥ parada en el camino.,1 star
306,"No quiero comer. 
No quiero vivir.
No quiero estudiar.
No quiero sufrir.
No quiero seguir
No quiero luchar
No quiero sentir.

No quiero..",1 star
307,Estoy muy angustiada. De sentir que no sirvo para nada.,1 star
308,"Me apegue tanto a las acompa√±ante terap√©uticas que me cuesta mucho soltarla.
Por que a pesar de que sea una mierda. Tengo sentimiento.",3 stars
309,Me siento que no puedo m√°s.,2 stars
310,Odio los antidepresivos. Remedios de mierda. Que al pedo los tom√≥ que no me hacen absolutamente nada.,1 star
311,"Necesito a mi psiquiatra.
Necesito que me suba la medicaci√≥n.",1 star
312,Quiero irme de ac√°.,1 star
313,Me tomar√≠a todas las pastillas de una vez a ver si hacen efecto,3 stars
314,Quiero sentirme viva... Odio estar tan muerta.,1 star
315,Hasta fracase en los intentos de matarme. Soy una boluda fracasada. Me odio.,1 star
316,Que depresi√≥n de mierda.,2 stars
317,Me duele la cabeza. Quiero dormir.,1 star
318,"Los miedos, me impiden tantas cosas.",5 stars
319,Tantas ganas de cortarme. Quiero sacarme el dolor que siento dentro de mi. Aunque no dure demasiado. Pero me alivia.,3 stars
320,Pienso a veces que no tengo salida de esto,3 stars
321,Por que no me muero de una vez.,1 star
322,Estoy tan cansada de ser esta mierda que soy,1 star
323,La depresion y los estudios no son buena conbinacion,2 stars
324,Que vac√≠a me siento,2 stars
325,M√°s sola que nunca,1 star
326,Me siento sola,3 stars
327,No valgo nada,1 star
328,Me voy a suicidar,1 star
329,Ojal√° nunca hubiera nacido,1 star
330,"Antes estaba bien, y ahora estoy rota , m√°s rota, y ya no s√© qu hacer para arreglarme",2 stars
331,Odio mi vida,5 stars
332,No me gusta mi vida,2 stars
333,No paro de llorar que mierda esto.,1 star
334,Si tuviera el valor de matarme ya lo hubiera hecho o estar√≠a en eso.,1 star
335,"Lloro con un dolor,con una angustia tan grande.",5 stars
336,"Estoy muy deprimida,y mayor mente siempre es mi culpa.",1 star
337,Tan destrozada me siento que no doy mas,1 star
338,"Me voy a terminar matando firme si no termin√≥ muerta en breve,termino con todas las drogas tratando de explicarme y perder la memoria",1 star
339,Ya veo que no par√≥ mas de llorar todo el tiempo llorando deprimida acostada sin comer sin ba√±arme tdo,5 stars
340,Todo esto para que?  Para que carajo s√≥lo lloro y digo porque todo una mierda,1 star
341,Que mal me siento me duele todo,5 stars
342,Es mas f√°cil matarme que vivir as√≠.,5 stars
343,"Estoy vac√≠a.

Si no fuese por el dolor, ya no me quedar√≠a vida.",1 star
344,Quiero llorar muy fuertemente.,5 stars
345,Necesito descansar pero mi mente se opone a ello.,3 stars
346,"Pensaba que la medicaci√≥n no serv√≠a para una puta mierda, pero a los dos dias de dejar de tomarmela me han dado una‚Ä¶ EXTERNAL_LINK",1 star
347,"Me ha citado otra psiquiatra, ahora tengo dos.",2 stars
348,No aguanto m√°s.,2 stars
349,Quiero morirme y no tengo miedo.,5 stars
350,"Me van a cambiar el tratamiento y eso significa que los brotes psic√≥ticos van a volver.

Y encima me quieren ingresar de nuevo.",2 stars
351,"A ver cuando la gente empieza a concienciarse de que una enfermedad mental no se padece porque uno quiera, nadie quiere estar ENFERMO.",3 stars
352,En la noche es donde los pensamientos me hacen mierda,2 stars
353,"Estoy bien, s√≥lo que a veces me dan ganas de matarme pero s√≥lo es eso.",3 stars
354,"Siempre lo hecho a perder , mis relaciones, mis amigxs, la escuela, simplemente todo.",5 stars
355,Y todo empez√≥ ir mal otra vez,1 star
356,Nadie deber√≠a de irse a dormir pensando que es un in√∫til,1 star
357,Ahora ya no siento nada.,1 star
358,"Ese dolor que te da de repente y no sabes que hacer, s√≥lo tenes ganas de llorar y dejar de existir porque piensas q‚Ä¶ EXTERNAL_LINK",1 star
359,Odio ser tan sensible a todo,5 stars
360,No soy suficiente para nadie y ya me eh acostumbrado a eso.,1 star
361,No se dan una idea de lo que me est√° pasando,2 stars
362,Me falta valor hasta para suicidarme,1 star
363,Soy un fracaso en todos los sentidos.,1 star
364,"Todo lo que hago, lo hago mal.
Hago da√±o a la gente de mi alrededor, sin querer.
Me doy asco f√≠sicamente.
A parte d‚Ä¶ EXTERNAL_LINK",5 stars
365,Cuando estas sola y no puedes mas con tu vida...üî™,1 star
366,A veces el que calla es el que pide ayuda a gritos..,3 stars
367,Todo ser√≠a mas f√°cil si estuviera muerta,3 stars
368,Que nadie me valore me hace sentirme a√∫n mas mierda de lo que soy,1 star
369,"Soy una mierda, todo lo hago mal",1 star
370,Me quiero morir,1 star
371,"No puedo mas con mi vida, nada puede irme peor..",2 stars
372,Puedo sentir la angustia en mi.,5 stars
373,Casi 20 a√±os y sigo sin sentirme feliz.,5 stars
374,"No soy nadie,
No he sido nadie
Y me voy a morir siendo nadie.",1 star
375,"Siento que no tengo un prop√≥sito, que estoy aqu√≠ s√≥lo para llenar espacio, nadie me quiere, mi familia piensa o sab‚Ä¶ EXTERNAL_LINK",1 star
376,"El mundo no necesita m√°s gente como yo, gente in√∫til, buena para nada, maldita que no hace nada por el bien de los dem√°s ni el propio.",1 star
377,"Odio mi existencia, que lamentable es.",1 star
378,"No me siento querida, tengo un vac√≠o en mi pecho, ganas de sentirme amada por mi familia y apreciada, pero no hago‚Ä¶ EXTERNAL_LINK",2 stars
379,"Que pare de doler. Por favor, por favor, por favor.",1 star
380,"Tenia planeado hablar con alguien para desahogarme hoy, pero termine llorando sola porque todos pasan de mi.",5 stars
381,"No puedo hablar de amor propio, yo no tengo eso",1 star
382,"Tengo mil ganas de cortarme, de llorar, de dejar de existir, que agon√≠a tener este sentimiento desde hace casi 5 a√±os.",1 star
383,Mi mundo se esta desmoronando y ya no tengo fuerzas como para armarlo.,1 star
384,"No saben cuanto quisiera largarme de esta casa y no volverlos a ver en mi vida, esta ya no es mi familia, ya no quiero vivir aqu√≠.",1 star
385,"Pierdo todas mis energ√≠as para todo. A veces me pregunto si es que alguien en absoluto me conoce, si alguien sabe en realidad quien soy.",1 star
386,"Me odio, odio cada parte de mi ser.",5 stars
387,"Emocionalmente: Ya no puedo m√°s. 
Mentalmente: Estoy agotada. 
Espiritualmente: Estoy muerta.
F√≠sicamente: Sonri√≥",1 star
388,"Mi vida es como un cubo de rubik, arreglas un lado, y se arruinan todos los dem√°s.",1 star
389,NO SABEN CUANTO ODIO ESTAR VIVA.,5 stars
390,"Porque hay d√≠as que tu mejor opci√≥n es irte a dormir. Durmiendo las cosas no pesan, no duelen, no cansan. 

Dormir repara.",1 star
391,"Ni te imaginas lo que es sentirse sola, y no poder decirle a nadie que estas muriendo por dentro.",1 star
392,"NO SABEN CUANTO QUISIERA NO ESTAR ENFERMA, NO SABEN CUANTO QUISIERA QUE TODO ESTO ACABAR√Å YA..",2 stars
393,"Tengo ganas de gritar, llorar, de desahogarme con alguien que me entienda.",1 star
394,No estoy comiendo bien tampoco durmiendo bien; mucho menos estoy haciendo las cosas bien simplemente no estoy funcionando.,2 stars
395,"No, no estoy bien. Pero no lo he estado desde los 12, quiz√°s 13. Sin embargo todav√≠a estoy aqu√≠. Todav√≠a sigo respi‚Ä¶ EXTERNAL_LINK",2 stars
396,"Hoy discut√≠ con mi madre y s√≥lo dec√≠a cosas malas de mi, s√≥lo lo malo. Me quede callada, escuche y no paraba de llo‚Ä¶ EXTERNAL_LINK",3 stars
397,"Querido diario: 

Estoy cansada del mundo, cansada de fingir que todo va bien, quiero irme de este lugar. El mundo es una puta mierda.",1 star
398,Existen cosas que duelen en mi interior y nadie las puede notar.,5 stars
399,"las personas no mueren por suicidio, ellas mueren por tristeza.",1 star
400,"Es que no me siento mal, es que no me siento bien, es que ya no siento nada.",2 stars
401,"Sabes q est√°s mal cuando ya nada te sorprende, cuando ya no quieres salir ni hacer vida social, cuando todo a tu al‚Ä¶ EXTERNAL_LINK",1 star
402,"Ya he perdido todo, las ganas de comer, de dormir, de ser feliz e incluso de llorar. He perdido las ganas de vivir.",5 stars
403,Que se supone que se debe hacer cuanto ya no tienes ganas de nada? Cuando ni dormir funciona? Cuando estas cansada‚Ä¶ EXTERNAL_LINK,1 star
404,"Me siento tan sola y vac√≠a que estoy colocando en juego mi estabilidad, aquella balanza que me mantiene fuera del c‚Ä¶ EXTERNAL_LINK",1 star
405,Necesito desaparecer para siempre.,5 stars
406,S√≥lo quiero terminar con mi existencia.,1 star
407,Cada vez tengo m√°s ganas de morirme.,1 star
408,Solo quiero dormir.,1 star
409,Me doy asco.,4 stars
410,"Mi vida esta llena de errores, empezando por mi.",2 stars
411,Es dif√≠cil dormir cuando la mente no se calla...,2 stars
412,No valgo para ser feliz.,2 stars
413,Me siento tan solo...,1 star
414,Cada vez tengo m√°s ganas de morirme.,1 star
415,Sentimiento constante de querer alejar a las personas que m√°s amo de m√≠ porque lo √∫nico que puedo aportar es negatividad y tristeza.,1 star
416,"No puedo entender c√≥mo, pero mi vida cada d√≠a es m√°s mierda.",2 stars
417,"Estoy cada vez peor y no tengo a nadie con quien hablar. Siento que a√∫n si no quisiera matarme, no me quedar√≠a otra‚Ä¶ EXTERNAL_LINK",1 star
418,"Todo el mundo entrenando, que vida f√°cil que tienen lpm qui√©n me mand√≥ a tener depresi√≥n",5 stars
419,"Nada nunca va a mejorar toda la mierda que es mi vida y mi cabeza. Los odio a todos por poder estar bien, esa es la‚Ä¶ EXTERNAL_LINK",5 stars
420,Las ganas de bajarme una caja de Clonazepam entera que tengo son incontrolables!!!!!! Lo necesito,1 star
421,HARTA de comer mal y estar tirada en la cama. Qu√© horrible es vivir,1 star
422,"Lo que m√°s m√°s m√°s deseo en mi vida, es suicidarme. No importa cu√°ndo, quiero ser yo la que toma la decisi√≥n sobre‚Ä¶ EXTERNAL_LINK",1 star
423,"C√≥mo me gustar√≠a que en vez de regalarme algo para mi cumplea√±os que me ponga contenta s√≥lo por un tiempo, les impo‚Ä¶ EXTERNAL_LINK",5 stars
424,"Qu√© envidia que le tengo siempre a toda la gente, todo el tiempo por algo. Me muero por ser cualquier persona menos‚Ä¶ EXTERNAL_LINK",5 stars
425,La depresi√≥n es el mejor asesino para todo suicida.,5 stars
426,"¬øQue sientes?
‚ÄîUn vac√≠o en mi vida.",1 star
427,"¬øPorqu√© es tan dif√≠cil quererse a uno mismo? Veo a otras personas tan perfectas y yo, yo doy asco.",5 stars
428,Ya casi terminando √©l a√±o y con una muy profunda cicatriz y una semana en el hospital,1 star
429,"Soy el sarcasmo, inestabilidad y depresi√≥n hecha ser humano.",1 star
430,Vencer a mi mente es un trabajo de todos los malditos d√≠as... Ella tiene control sobre mi,5 stars
431,El alimento de la depresi√≥n son aquellas tristezas diarias.,1 star
432,"no son d√≠as, ni semanas, ni meses que hace que me siento tan mal que no puedo soportarme a mi misma.son a√±os y ya siento que estoy al l√≠mite",1 star
433,"No quiero estar sola, pero el mero hecho de mi existencia repele a las personas y las aleja de mi.",2 stars
434,"Maldita depresi√≥n, ¬øpor qu√© no me dejas en paz?",1 star
435,"Me cuesta mucho animarme a hacer algo, lo que sea.",3 stars
436,"mi depresion consta de dos partes, la ‚Äùtristeza absoluta‚Äù en la que busco ayuda, o la ‚Äùyo me quiero morir‚Äù",1 star
437,Me levante queriendo que el d√≠a acabara ya.,1 star
438,"La vida es una puta mierda a veces y ya est√°, sin explicaci√≥n alguna.",2 stars
439,Cu√°ntas veces he caminado por multitud de gente y me hacen sentir sola.,5 stars
440,Para estas fechas empez√≥ mi infierno hace ya alg√∫n tiempo.,5 stars
441,"Hay d√≠as en los que me siento perfecta y que nadie puede conmigo‚Ä¶
Pero de repente algo pasa y me hace sentir como la m√°s pat√©tica de todos",3 stars
442,"Pase tanto tiempo sin estar aqui, cre√≠ que hab√≠a empezado a estar bien, pero me equivoqu√©",2 stars
443,"Deprimida, sola, auto destructiva. Diganme quien quisiera estar a mi lado",1 star
444,"Cada vez me siento mas sola, mas perdida, mas muerta",2 stars
445,"De nuevo lagrimas, de nuevo insomnio, de nuevo estoy hecha mierda.",1 star
446,Me pone nerviosa estar en un lugar y que se me queden viendo,2 stars
447,Es imposible estar bien,1 star
448,Es incre√≠ble como puedo estar ri√©ndome y a los 5 minutos llorando.,5 stars
449,"Un solo dia quiero estar bien, ¬øtanto pido?",5 stars
450,Dormir... Para siempre,5 stars
451,SOY UN ESTORBO EN TODOS LADOS,1 star
452,"Quiero llorar.
Quiero desaparecer.
Irme.
No ser yo.",1 star
453,No s√© c√≥mo pedir ayuda.,1 star
454,"D√≠a triste.
He vuelto a caer.",1 star
455,Estoy muy cansada de todo.,1 star
456,"Quiero ir y decirle a alguien todo lo que me pasa, pero no puedo",3 stars
457,"Siento que mi vida ya carece de sentido. Mis amigos me cambian, mi familia no me quiere ... Estoy sola",2 stars
458,"Todo me sale tan mal...
Es como magia",1 star
459,Yo no eleg√≠ vivir y menos a√∫n hacerlo as√≠.,1 star
460,No se porqu√© todo me sale tan mal. No creo merecerlo.,1 star
461,Tan cansada como siempre,1 star
462,Me siento completamente vac√≠a y no s√© de d√≥nde viene ese vac√≠o.,1 star
463,Si la vida es sufrimiento no quiero vivir,1 star
464,El ataque de ansiedad no es por la camiseta s√≥lo es que llevo guard√°ndome todo el dolor y malestar quee siento desde hace semanas,5 stars
465,Estoy harta. Ya me ha dado el baj√≥n grande. He estado bien unos d√≠as y ahora me encuentro fatal. Y siempre es la mi‚Ä¶ EXTERNAL_LINK,1 star
466,La medicaci√≥n la lleva la psiquiatra pero si yo me siento mal la psic√≥loga se lo dice.,3 stars
467,Ojal√° morirme ahora mismo.,1 star
468,Ya puedo respirar y he dejado de hiperventilar bendito diazepam,1 star
469,"Me estoy agobiando mucho porque siento que no estoy, me estoy mirando en un espejo y siento que no estoy.",1 star
470,"No dejo de pensar que no merezco hablar con psic√≥logos y hacer terapia porqu√© hay gente que est√° peor, y siento que‚Ä¶ EXTERNAL_LINK",2 stars
471,Me he tomado un diazepam y mi medicaci√≥n y me cuesta respirars,1 star
472,Yo no s√© qu√© me pasa que √∫ltimamente estoy como que no s√© qu√© d√≠a es y no recuerdo si lo que he hecho a sido un sue‚Ä¶ EXTERNAL_LINK,1 star
473,Hac√≠a meses que no me daba un ataque as√≠,2 stars
474,√öltimamente me siento s√∫per rara porqu√© se me mezclan mucho los sue√±os con la vida real y estoy como perdida¬ø?,2 stars
475,Estoy llorando agobiada y ni siquiera s√© porqu√© pero me encuentro mal.,2 stars
476,"Ustedes tambi√©n se pasan todo el d√≠a encerrados en su habitaci√≥n porque no tienen ganas de nada, ni siquiera de jun‚Ä¶ EXTERNAL_LINK",1 star
477,"Nunca voy a olvidar c√≥mo estaba mi mam√° la primera vez que me intent√© suicidar, la desesperaci√≥n que ten√≠a. No le p‚Ä¶ EXTERNAL_LINK",1 star
478,"No le encuentro sentido a la vida, no le encuentro sentido a nada. No s√© qu√© mierda me pasa ni como salir de esta s‚Ä¶ EXTERNAL_LINK",1 star
479,"Con la depresi√≥n y ganas de morir que tengo no s√© de d√≥nde mierda voy a sacar energ√≠as para estudiar este a√±o, dese‚Ä¶ EXTERNAL_LINK",5 stars
480,"vivo deprimida y con ganas de morir, no se que espero para suicidarme",1 star
481,No le encuentro sentido a la vida,1 star
482,no estoy bien,2 stars
483,Esto no se puede llamar vida si todos los d√≠as me acuesto deseando no despertar m√°s,1 star
484,Se escribe depresi√≥n y se pronuncia me quiero morir,1 star
485,me quiero morir,1 star
486,No quiero salir de mi casa.,1 star
487,"No importa lo que haga, nada me hace feliz, nada me emociona.",1 star
488,La mayor parte del tiempo me siento un estorbo.,2 stars
489,"Mi mente esta pensando en un mont√≥n de cosas TODO el tiempo, es imposible dejar de pensar.",5 stars
490,Me duele muchisimo el cuerpo.,5 stars
491,Todo ser√≠a mejor si pudiera dejar de pensar tanto.,3 stars
492,No hago absolutamente nada bien.,1 star
493,Cada d√≠a que pasa tengo menos ganas de existir.,2 stars
494,Ya me deprim√≠.,2 stars
495,"Tengo tan poca energ√≠a hoy, que me fui a ba√±ar y me qued√© 10 min en la ducha mirando a la pared hasta que junte fuerzas para salir.",1 star
496,Hoy fui a la psic√≥loga y no me puse a llorar. Creo que estoy haciendo un progreso.,5 stars
497,Estoy tan agotado emocionalmente y lo √∫nico que quiero es dormir,1 star
498,"a veces me agarran ataques de llorar as√≠ de repente, sin motivo alguno",3 stars
499,√∫ltimamente todo me afecta,5 stars
500,me gustar√≠a desaparecer por un rato,3 stars
501,no encajo en ning√∫n lugar,1 star
502,√∫ltimamente siento como que todos est√°n mejor sin mi,5 stars
503,que baj√≥n ser yo,5 stars
504,"hay veces en las que estoy muy sensible, cualquier cosa me derrumba y todo me da ganas de llorar",5 stars
505,"√∫ltimamente todo me cansa, todo me estresa, todo me afecta, odio ser tan sensible MIERDA",1 star
506,"vivo llorando y sinti√©ndome mal por lo mismo, y siento que no puedo hablarlo con nadie",5 stars
507,¬øalguna vez has sentido que estorbas en tu familia?,1 star
508,me pongo a pensar todas las cosas que hice mal y me quiero matar,1 star
509,"mi vida se basa en llorar, porque todo es una mierda siempre",5 stars
510,"Todo el mundo divirtiendose en los carnavales y yo en mi habitacion estudiando, ¬øpuedo suicidarme ya?",5 stars
511,Ya estoy llorando como una tonta.,5 stars
512,Parece que la gente se ha puesto de acuerdo en hacerme da√±o cuando recaigo.,3 stars
513,"Presiento que se va a ir todo a la mierda de nuevo, pero con m√°s intensidad incluso, y quizas de ahi ya no se pueda‚Ä¶ EXTERNAL_LINK",2 stars
514,"No tengo un bajon ni estoy triste profe, solo estoy al borde del suicidio y queriendo llorar; pero tranquila, sigue sin importar.",5 stars
515,Los pensamientos suicidas no desaparecen de nuevo de mi cabeza.,1 star
516,Me paso el dia deprimida y triste y las noches llorando hecha una bolita y sin hacer ruido.,1 star
517,Cada vez que me da el bajon solo tengo ganas de dormir.,2 stars
518,"No valgo una puta mierda en ninguna parte, nadie me tiene en cuenta en ningun lado tampoco.",1 star
519,Podria desaparecer durante semanas y nadie se daria cuenta ni a nadie le importaria.,1 star
520,Me esta entrando una ansiedad de nuevo.,1 star
521,"Quiero irme, lejos, y no volver nunca, desaparecer.",1 star
522,Creo que me he pasado toda la vida sola.,5 stars
523,Durmiendo casi no se nota que soy un desastre.,1 star
524,"Cuando est√°s viviendo en un precipicio emocional, hasta la cosa m√°s peque√±a afecta en proporciones mucho m√°s grandes de lo que deber√≠a ser.",2 stars
525,"No deber√≠a sentirme culpable en los d√≠as que no estoy bien emocional y psicol√≥gicamente para hacer algo productivo,‚Ä¶ EXTERNAL_LINK",2 stars
526,Vida de mierda.,5 stars
527,"Aqu√≠ iniciando la semana con ganas de morirme, como para no perder la costumbre.",5 stars
528,No es tristeza. Es aquella extra√±a sensaci√≥n de no sentir m√°s nada.,1 star
529,"La gente cree que la depresi√≥n es una tristeza profunda, pero en realidad no lo es, por el contrario, es una ansied‚Ä¶ EXTERNAL_LINK",2 stars
530,Mi victoria de hoy fue levantarme de la cama.,5 stars
531,Estoy un poco cansado de ser mi peor enemigo.,3 stars
532,Feliz d√≠a a mi depresi√≥n e insomnio. Ya hasta los quiero.,5 stars
533,"Toda una vida resumida en sentirse inc√≥modo en todos los lugares posibles, excepto mi cama o en donde nadie me moleste.",5 stars
534,Mi vida va de mal en peor,1 star
535,Volv√≠ a recaer una vez m√°s.,1 star
536,"Tengo tanto dolor guardado dentro de mi, y no encuentro la forma de poder seguir adelante y dejar todo esto atr√°s.",1 star
537,Estoy echa mierda. No puedo seguir con todo esto.,1 star
538,Vuelvo a encotrarme en este sitio oscuro,5 stars
539,Sue√±o con tomar una caja de pastillas. EXTERNAL_LINK,1 star
540,NO PUEDO M√ÅS,1 star
541,"De mal a peor, siempre...",1 star
542,"ME ODIO, ODIO TODO DE MI. S√ìLO QUIERO MORIR.",5 stars
543,"La noche, este vac√≠o, este agujero que siento dentro. Est√°s l√°grimas, que cuentan su propia historia.",5 stars
544,al parecer nunca voy a superar esta mierda.,1 star
545,Me ahogo en un mar de llanto,1 star
546,"‚ÄúQuerida depresi√≥n, pens√© que me hab√≠a ya librado de ti.‚Äù - (via bohemiaparisina) EXTERNAL_LINK",1 star
547,Las ganas de matarme nunca se fueron.,5 stars
548,Aveces solo quiero llorar y no despertar.,5 stars
549,Ya no se que es sentirse bien ni un segundo.,2 stars
550,Estoy deprimida y aunque me mediquen todo sigue igual.,2 stars
551,Yo solo quiero dormir y dejar de respirar ¬øEs mucho pedir esom,1 star
552,Solo tengo ganas de morir,1 star
553,"No quiero caer internada de nuevo, pero necesito cortarme.",3 stars
554,"Mucha gente me trata como basura, peroo deje me decirles que me lo merezco.",3 stars
555,"Hace tanto que no me sent√≠a tan mal! Hace 9 noches ya que no dejo de llorar, todo esto me est√° matando.",1 star
556,Soy un puto desastre otra vez.,1 star
557,Hacia mucho que no lloraba tanto,2 stars
558,"Me gustar√≠a poder arrancarme la cabeza un rato,creo que ser√≠a la √∫nica forma de dejar de pensar",3 stars
559,"PORQUE NO ME MUERO Y LISTO,M√ÅS F√ÅCIL",2 stars
560,Que sola me siento la concha de la lora no paro de llorar me quiero ir,1 star
561,Literal creo q tengo depresi√≥n,1 star
562,Las ganas de morirme se acrecientan junto con el calor,4 stars
563,Creo que ahora si toque fondo,3 stars
564,"Quisiera no sentirme tan nada aveces,pero estoy empezando a pensar que es de nacimiento,porque nunca puedo",2 stars
565,Necesito irme y no volver por favor,1 star
566,"Ojal√° me muera de la forma m√°s boluda que pueda,y r√°pido",2 stars
567,"Mami,Papi,un psic√≥logo/desconocido no me va a sacar las ganas de morirme,si no lo hice todav√≠a fue por ustedes.  Att,yo",1 star
568,"Siempre cruzo la calle sin fijarme, con la esperanza de que  me atropellen.",5 stars
569,Todos hemos cruzado la calle con la esperanza de que nos atropelle un auto o moto. ¬øNo?,1 star
570,Andar solo no duele. Sentirse solo es otra cosa.,1 star
571,"Amo dormir porque no sue√±o, literal se siente como si estuviera muerta. #Nights",1 star
572,Dormir se ha vuelto el mejor escape.,5 stars
573,Yo ando sola  porque nadie  se aguanta  a esta bola depresiva y triste.  Seriously üòî,1 star
574,Soy el resultado de 3 trastornos alimenticios y a√±os de depresi√≥n. ¬ø Pero saben? Eso s√≥lo me ha hecho m√°s fuerte.,2 stars
575,"No me siento  invisible. Por el contrario, dolorosamente visible pero complemente ignorada.",2 stars
576,Se siente una mierda no encajar en ning√∫n lado.,1 star
577,√öltimamente no me siento para nada bien y cada vez se suman m√°s cosas.,2 stars
578,Tengo un cansancio f√≠sico y psicol√≥gico que no es normal,2 stars
579,"De verdad estoy volviendo a sentirme muy mal, ver que todo hago mal, sentir que estoy solo.",1 star
580,Me siento bastante.. solo.,3 stars
581,Estoy psicol√≥gicamente cansado de todo,1 star
582,"Que me importa si es viernes o lunes, me sale mal todo cualquier d√≠a de la semana ahre si",2 stars
583,Llega esta epoca del a√±o que ya estoy cansado de todo,2 stars
584,"Como pretendo que alguien me quiera, si yo no me quiero ni un poco",5 stars
585,Se me est√° yendo un poquito (bastante) a la mierda la vida,2 stars
586,Se me estan haciendo eternas las noches de insomnio,1 star
587,"No me siento capas de vivir una vida que no podr√© controlar, unos sentimientos devastadores, una tristeza gigante,‚Ä¶ EXTERNAL_LINK",1 star
588,"Lo intento y Lo intento y siempre vuelvo al comienzo .
No puedo con tanto. He llevado una carga durante mucho tiemp‚Ä¶ EXTERNAL_LINK",5 stars
589,"Depresi√≥n : exceso de pasado
Decepci√≥n : exceso de presente 
Ansiedad  : exceso de futuro .",1 star
590,S√≥lo espero no estar perdiendo el tiempo ... Y entrando en otra depresi√≥n profunda .... Y larga que tal vez me coste la vida .,1 star
591,La gente deber√≠a entender que la baja autoestima no es solo cuesti√≥n de apariencia f√≠sica...Qu√© tambi√©n es sentirse‚Ä¶ EXTERNAL_LINK,1 star
592,La peor compa√±√≠a es nuestros pensamientos inseguros y depresivos.,1 star
593,"Estoy s√∫per estresado 
Y fastidiado con todo y enojado con todo ... Quisiera irme lejos y jam√°s volver ..",5 stars
594,"Nunca logr√≥ sentirme bien feliz satisfecho conmigo mismo . Siempre termino fracasando en todo, doy mucha verg√ºenza ...",1 star
595,Vuelve esa sensaci√≥n amarga de no estar bien contigo mismo de no encajar en ning√∫n lado de querer desaparecer o simplemente no ser yo .,1 star
596,"Cada d√≠a me siento igual. 
Nada me sube el √°nimo, todo es tan simple, todo es tan inalcanzable, me cuesta hacer cos‚Ä¶ EXTERNAL_LINK",1 star
597,"La depresion, la ansiedad y los ataques de p√°nico; no son signos de debilidad.
Son signos de haber tratado de perma‚Ä¶ EXTERNAL_LINK",5 stars
598,"S√≥lo quiero huir .
Cada vez se pone m√°s dura la vida . Enserio te sientes ahogado sin aliento sin ganas sin nada. N‚Ä¶ EXTERNAL_LINK",1 star
599,"Que asco estar as√≠ de mal Y no poder hacer nada para cambiarlo, ni tener a Nadie para que te haga sentir mejor.",1 star
600,"hoy mientras ten√≠a un ataque de ansiedad mi madre me dijo ""deja de hacer el gilipollas"",

necesito irme de esta casa ya",1 star
601,No puedo m√°s.,2 stars
602,a nadie le importar√≠a si me suicido esta noche,1 star
603,"Todo se est√° volviendo a derrumbar, esos meses en los que consegu√≠ levantar cabeza...
Es como si nunca hubiesen existido.",1 star
604,"tengo todo el brazo con cortes abiertos

sab√≠a que el estar limpia no iba a durar mucho",2 stars
605,"Llevo much√≠simos meses limpia, pero de verdad que no aguanto. Todo se me viene encima.",2 stars
606,05:28am. Sal de mi cabeza.,1 star
607,Tremendas ganas de tirarme por la ventana.,5 stars
608,Quiero que dejen de importarme las cosas y que mi ansiedad se vaya.,1 star
609,Saltar por la ventana. Saltar por la ventana. Saltar por la ventana. Saltar por la ventana. Saltar por la ventana. Saltar por la ventana.,1 star
610,te haces da√±o y a nadie le importa,1 star
611,estar pidiendo ayuda a gritos y que a todos les de igual...,1 star
612,Solo quiero que el dolor desaparezca.,1 star
613,Estoy rota.,1 star
614,El problema de vivir es no querer vivir.,1 star
615,"Tengo la facilidad de alejar a las personas, pero, no busco alejarlas.",3 stars
616,Alg√∫n d√≠a dejar√© de llorar.,2 stars
617,"Me siento tan triste, melanc√≥lica, sin ganas de nada.",1 star
618,"A veces te cansas de intentar y fracasar tantas veces, al final todo deja de importar.",2 stars
619,Sufro de ansiedad + depresi√≥n + bipolaridad. Que combinaci√≥n tan horrible.,1 star
620,D√≠a de mierda.,5 stars
621,Si pudiera saber que esta pasando conmigo √∫ltimamente.,3 stars
622,"Tener ganas de dormir es lo mejor que se puede sentir cuando est√°s de baj√≥n, cansado, o aburrido.",5 stars
623,"Sigo sin entender qu√© pasa.
Hab√≠a estado teniendo malos d√≠as, pero a pesar de ello segu√≠a siendo positivo. Pero aho‚Ä¶ EXTERNAL_LINK",3 stars
624,"Porque llevaba mucho sin sentir realmente depresivo.
Y puedo decir me he vuelto a sentir en esa linea de la depresi√≥n.",5 stars
625,No he pensado al tal punto de volver a pensar en el suicidio. Pero si llego a caer de nuevo. No lo s√©.,2 stars
626,De las pocas veces que siento que se me escapa el coraz√≥n son cuando tengo unos pque√±os ataques de ansiedad. XD,1 star
627,"Ah, entiendo. Antes de mis cumplea√±os suelo tener malos d√≠as y eso me hacen odiarlos.",1 star
628,"No le he dicho a nadie, pero estoy empezando a usar nuevamente pastillas para dormir.",5 stars
629,Creo que estoy volviendo a hacer una mierda depresiva sin raz√≥n alguna. No entiendo.,1 star
630,"Supongo que algo si es cierto. La mayor√≠a del tiempo me echo la culpa de todo. Y cuando no tengo la culpa, no s√© qu‚Ä¶ EXTERNAL_LINK",1 star
631,"Estoy siendo un desastre √∫ltimamente, y ush, estoy harto",1 star
632,"A veces pasan a√±os, viene por temporadas, no importa el momento si me va bien o mal, siempre est√° presente.",4 stars
633,"Despu√©s de estar por los suelos sin ganas de ya no querer nada con la vida, siempre hay algo de esperanza y vuelves‚Ä¶ EXTERNAL_LINK",5 stars
634,"Me siento y me digo a mi mismo que estoy bien, tenemos que encontrar otra manera.",3 stars
635,Est√°n viendo que se le olvidaron tomarse los antidepresivos al muchacho y me ponen canciones que me recuerdan a ella #AsiNoSePuede,5 stars
636,Encierro la depresi√≥n y la arrojo al mar en una botella y siempre regresa con las olas.,5 stars
637,Es el tercer d√≠a seguido que me despierto como a las 3 de la ma√±ana y ya no me puedo dormir.,1 star
638,"Un s√≠mbolo que me hace recordar que un d√≠a fui d√©bil, pero que es una marca que siempre est√° conmigo.
El s√≠mbolo de‚Ä¶ EXTERNAL_LINK",5 stars
639,Ya son las 4 y sigo sin dormir #kastapasanda,5 stars
640,"Desde que mis pap√°s saben que tengo depresi√≥n, aveces finjo tener recadias para no ir a lugares, que me lleven comida o que me compren cosas",1 star
641,"S√© que no soy perfecto. Me odio a mi mismo casi todo el tiempo. Pero cuando estoy contigo, no me odio. Me gusta estar contigo",3 stars
642,No dorm√≠ en toda la noche/madrugada ni hoy en todo el d√≠a tampoco.,1 star
643,"que se expresa a trav√©s de los ojos y sale en forma de l√°grimas. Caer en ese pat√©tico estado otra vez, ese es mi mayor miedo.",1 star
644,"Mi mayor miedo es sentir esa presi√≥n en el pecho y ese nudo en la garganta, esa sensaci√≥n inconsolable de tristeza.",1 star
645,"Un mal d√≠a, una mala semana, una mala vida.",1 star
646,"Con tantos pensamientos de mierda, deber√≠a de escribir un libro. Alguien en este mundo debe coincidir con mi forma de pensar.",1 star
647,Soy una persona da√±ada.,1 star
648,"En realidad, no me pasan cosas buenas en la vida. Simplemente pasan cosas y ya.",2 stars
649,"No exagero. Si me duele, me duele. Solo yo siento mi propio dolor.",3 stars
650,"Quisiera hacer tantas cosas, pero s√© que no sirvo para nada. Soy in√∫til pues.",1 star
651,"A veces no encuentro la palabra para definir mi estado de animo, porque cambia r√°pido puedo estar sonriendo y al rato tirado en la cama.",3 stars
652,"Estoy cansado, mas all√° de lo f√≠sico tambi√©n sentimentalmente, ya no aguanto m√°s de encontrarme todo el tiempo mal.",2 stars
653,Esa horrible sensaci√≥n de querer escapar sin saber a d√≥nde.,1 star
654,No se que hacer con mi vida,1 star
655,A veces tengo ganas de desaparecer por un tiempo y olvidarme de todo.,3 stars
656,"Nunca les paso que se empiezan a sentir triste de la nada, y sentis un vac√≠o dentro tuyo que no sabes c√≥mo llenar y‚Ä¶ EXTERNAL_LINK",1 star
657,Sufro much√≠simo de inestabilidad emocional. Estoy 5 minutos bien y al rato no tengo ganas de seguir viviendo.,1 star
658,"Es incre√≠ble el estr√©s que te hace tener la rutina, yo t√©rmino agobiado y deprimido a final del d√≠a por saber que m‚Ä¶ EXTERNAL_LINK",5 stars
659,"Odio esos bajones existenciales que tengo cada cierto tiempo, de preguntarme tantas veces que carajo har√© con mi vi‚Ä¶ EXTERNAL_LINK",1 star
660,Ya se me hizo costumbre sentirme s√≥lo todo el tiempo,5 stars
661,Hay bajones que nunca nadie va a poder entenderte.,1 star
662,No puede ser que llore por TODO.,2 stars
663,Hace muchisimo no lloraba tanto,2 stars
664,"No entiendo por qu√© lloro por todo,tan pelotuda voy a ser?????",1 star
665,Me siento tan vac√≠a.,2 stars
666,Tengo una angustia horrible hace d√≠as,1 star
667,Estoy cansada de todo esto.,1 star
668,No puede ser que me bajonee asi de un segundo a otro,2 stars
669,Y volvemos a lo de llorar todas las noches...,5 stars
670,Siempre se termina volviendo al pozo depresivo,1 star
671,Nadie merece vivir odiando su propia existencia,1 star
672,Cada a√±o es peor que el anterior y yo no se cuanto m√°s voy a aguantar.,2 stars
673,Acabo de estallar como no hab√≠a estallado antes.,1 star
674,Estoy echando mi vida a perder por culpa del caos que tengo en mi cabeza.,5 stars
675,"Tambien hace dos semanas que casi no como, llevo dos meses con depresi√≥n, estoy en una relaci√≥n t√≥xica y no tengo amigos.",1 star
676,No tengo ni ganas de salir de la cama.,1 star
677,Quiero morirme de una puta vez porque se que mi vida va a ser siempre la misma mierda.,1 star
678,"Estoy volviendo a ser la misma chica depresiva, pesimista e insegura que era antes.",1 star
679,"Me siento triste, sola y perdida todo el tiempo.",1 star
680,"Siento que estoy mal otra vez, pero estoy demasiado cansada para que me importe...",2 stars
681,Soy un fracaso y todo el mundo sufre por mi culpa. Ser√≠a mejor que me fuese y me dejase morir en alguna esquina.,1 star
682,Llevo llorando sin poder parar desde que me he levantado y mi madre no me ha preguntado ni qu√© me pasa. Esto es muy‚Ä¶ EXTERNAL_LINK,5 stars
683,Tengo curiosidad sobre cual es la mejor forma de suicidarse.,3 stars
684,No quiero molestar a la gente con mis mierdas porque todos tienen sus cosas y cada uno deber√≠a encargarse de lo suy‚Ä¶ EXTERNAL_LINK,5 stars
685,Cuantas ganas de morirme.,1 star
686,"Todo lo que hago, lo hago mal.",5 stars
687,¬øNo os pasa que a veces os asust√°is de vuestros propios pensamientos?,2 stars
688,Otra vez solo a tener ganas de dormir y no poder hacerlo.,1 star
689,Tengo miedo de mi misma.,2 stars
690,Lo que me jode es que no soy feliz o estoy mal. Son baches que me pillan por sorpresa. A veces estoy muy en la mier‚Ä¶ EXTERNAL_LINK,2 stars
691,Cada d√≠a m√°s ganas de suicidarme y acabar con todo. Les har√≠a un favor a todos.,5 stars
692,Qui√©n hubiese pensado que llegar√≠a a ser tan fracasada.,1 star
693,Las ganas de morirme regresan d√≠a con d√≠a.,5 stars
694,Tengo ganas de llorar y pegarme en la cabeza.,1 star
695,"Tengo una opresi√≥n en el pecho, tan grande, que podr√≠a llorar una semana entera.",2 stars
696,Estoy al borde de otra crisis jujuju.,1 star
697,"He perdido el rumbo, incluso de mis propios pensamientos.",1 star
698,Me romp√≠.,2 stars
699,Ya me quiero moriiiirrrrr.,1 star
700,"No s√© qu√© est√° m√°s de la verga, mi salud o mi estabilidad emocional.",3 stars
701,"De veras, siento que no voy a poder.",2 stars
702,He pasado de no dormir nada cuando estoy mal a estar todo el tiempo dormida,1 star
703,"Creo que va siendo hora de ir a dormir, a ver si con suerte no me despierto",3 stars
704,"Me acaba de dar un baj√≥n muy fuerte, llevo una hora llorando y no puedo parar, ya no s√© que hacer",5 stars
705,"Estoy cansada, como si me faltar√° energ√≠a pero no tengo sue√±o.",2 stars
706,Me esta dando un ataque de ansiedad en mitad de clase y no puedo controlarlo,1 star
707,"Gorda. Doy asco, me he vuelto a exceder. Soy una in√∫til, ni en eso tengo el control",1 star
708,"Pensaba que estaba mejor de mi depresi√≥n pero en realidad s√≥lo me enga√±o a mi misma, en realidad s√© que sigo igual de mal que siempre",2 stars
709,Y aqui estoy comiendome la cabeza en lugar de dormir,5 stars
710,Tengo ganas de dejarlo todo y no salir de mi habitaci√≥n m√°s.,1 star
711,Me va a estallar la cabeza,1 star
712,Cuando estoy bien recuerdo mi depresi√≥n como un chiste pero siempre vuelve para hacerme decaer de la peor manera,2 stars
713,Me la he pasado todas las noche m√°s recibiendo de todo estando tan mal llorando sin saber por qu√© me he vuelto as√≠‚Ä¶ EXTERNAL_LINK,1 star
714,Como odio sentir la angustia y tristesa de nuevo üòî,5 stars
715,Me siento tan insegura tan inc√≥moda tan un estorbo para cada persona que me rodea üòî,1 star
716,Me siento tan mal ahora üòî,1 star
717,Hacia bastante que no sent√≠a tanta angustia y depresi√≥n junta üíî,2 stars
718,Hacia mucho que no me sent√≠a jodidamente depresiva y sola ...,2 stars
719,Estoy en una tristeza profunda que llega a hacer que me quiera matar...,5 stars
720,Me quieren triste y lo logran üòî,5 stars
721,Me siento peor que ayer...,2 stars
722,no puedo parar de llorar,1 star
723,me diagnosticaron esquizofrenia y depresi√≥n bien ahi,3 stars
724,2 meses sin cortarme pero necesito volver a hacerlo,2 stars
725,las voces me dicen que lo haga,1 star
726,encima los cortes superficiales no me satisfacen necesito profundos que me duelan,2 stars
727,desde que llegue a casa estoy llorando,5 stars
728,me estoy volviendo loca,3 stars
729,√∫ltimamente tengo m√°s seguidos los ataques de p√°nico,1 star
730,saben lo feo que es sentir que alguien te mira o te sigue y tener que darte vuelta cada dos segundos me cag√≥ toda,1 star
731,"estoy cansada de todo, de tratar denser fuerte y no lograrlo",1 star
732,Todo va mal ..,1 star
733,Otro d√≠a de mierda m√°s.,1 star
734,El dolor me ha cambiado.,2 stars
735,Mi vida no tiene sentido.,1 star
736,Estoy demasiada triste para llorar y demasiada cansada para dormir.,2 stars
737,Me siento m√°s sola que de costumbre..,2 stars
738,"Me quiero matar , ya no soporto seguir as√≠.",1 star
739,"Nada de lo que hago es importante o tomado en cuenta, soy invisible hasta para mi propia familia.",1 star
740,Yo sinceramente no puedo con esto.,1 star
741,Me quiero matar.,1 star
742,"No encuentro forma de sentirme bien, jamas encuentro un momento para sonre√≠r y sentirme bien , odio mi cuerpo, odio lo que soy .",1 star
743,Que horror tener que vivir un infierno todos los d√≠as,5 stars
744,Cada vez son m√°s grandes mis ganas de matarme,1 star
745,Siento que en cada segundo me hundo mas y mas ...,2 stars
746,No les puedo explicar lo mal que me siento,2 stars
747,No puedo seguir sintiendo este vacio por dentro,1 star
748,"me quiero morir , soy una in√∫til , la vida no es para todos y menos para ami",1 star
749,Ya estoy harta de todo el mundo,5 stars
750,Quiero seguir durmiendo.,1 star
751,No aguanto seguir ni un minuto m√°s,1 star
752,"Me siento tan vac√≠a , triste, ya no tengo fuerzas para salir adelante",1 star
753,No veo las horas de acabar con todo,1 star
754,"Son las cuatro de la ma√±ana, mi cuarto apesta a cigarrillo al igual que mi cabello, cuerpo y aliento. En menos de d‚Ä¶ EXTERNAL_LINK",1 star
755,Estoy harta de sentirme como la √∫nica pieza que no logra encajar.,1 star
756,Estoy teniendo la puta crisis de ansiedad m√°s grande que he tenido en a√±os.,2 stars
757,"Mi psic√≥loga me recomend√≥ un ""challenge"" de escritura que vio en Pinterest (toda moderna ella) se supone que el obj‚Ä¶ EXTERNAL_LINK",4 stars
758,"Encima, debo ense√±arle los escritos que tenga para mi pr√≥xima sesi√≥n y estoy entre censurarme y ""a huevo, yo le pag‚Ä¶ EXTERNAL_LINK",1 star
759,"""No es mi trabajo decirte qu√© decisiones tomar, solo prescribirte medicinas que te ayuden a lidiar con el impacto d‚Ä¶ EXTERNAL_LINK",2 stars
760,He perdido el control de mi misma.,1 star
761,"La depresi√≥n causa miles de efectos colaterales como falta de concentraci√≥n, necesidad de aislamiento, incapacidad‚Ä¶ EXTERNAL_LINK",2 stars
762,"No pude dormir en toda la noche porque luego de mi crisis de anoche, la cabeza me daba vueltas y no pod√≠a respirar‚Ä¶ EXTERNAL_LINK",1 star
763,"Me siento tan mal hoy, nunca una bien",1 star
764,"√öltimamente no siento m√°s que tristeza o a veces nada, ya romp√≠ todo en mi.",1 star
765,Estoy demasiado cansada para seguir.,2 stars
766,Que ganas de morir 24/7.,1 star
767,"Todo me agobia y sofoca, mejor exiliarme de la vida.",5 stars
768,Hoy la tristeza me consume.,5 stars
769,"Vivo acostada en la cama, en cualquier momento me salen ra√≠ces lloro",5 stars
770,"Me siento m√°s horrible de lo normal, ya me rompi again",2 stars
771,Harta de sentirme insuficiente.,1 star
772,Necesito que me abrace hasta que deje de sentirme como el orto.,3 stars
773,no paro de pensar mierdas nunca.,1 star
774,nunca voy a llegar a hacer algo bien en mi vida.,5 stars
775,"no soporto esta vida de mierda, no soporto toda la mierda que me sucede.",2 stars
776,si sigo asi voy a terminar en el peor pozo depresivo que haya tenido.,1 star
777,soy una mierda de persona.,1 star
778,"hace mucho no escribia por aca, pense que estaba en una buena etapa, pero siempre vuelvo a lo mismo.",2 stars
779,es normal que todo me salga mal.,3 stars
780,no soporto a la gente que me rodea.,2 stars
781,no me sale una bien.,2 stars
782,lo peor es cuando vuelven las ganas de hacerme da√±o.,1 star
783,Hay que estar demasiado vac√≠os par dar cabida a tanta tristeza.,2 stars
784,Me siento triste y no s√© que hacer con mi vida,1 star
785,"No hallar una explicaci√≥n l√≥gica al porque te sientes mal es terrible, solo estar en tu cama y llorar, llorar sin s‚Ä¶ EXTERNAL_LINK",1 star
786,Miedo a volver a caer... EXTERNAL_LINK,1 star
787,Si desaparezco se que a nadie le importar√≠a.,1 star
788,"Tengo un baj√≥n de esos que solo producen ganas de llorar por horas, que te quitan las ganas de comer, levantarte de‚Ä¶ EXTERNAL_LINK",2 stars
789,"Miento y me digo que estoy bien, mientras una cuchilla atraviesa mi piel me hace sentir libre y hace que no sienta‚Ä¶ EXTERNAL_LINK",3 stars
790,No entiendo la man√≠a  de querer alejar a todos.,2 stars
791,Quiero olvidarme de que existo.,1 star
792,"M√°s deprimida y m√°s sola  que antes, m√°s vac√≠a que nunca.",2 stars
793,"Muchas veces deseaba que llegara alguien a sacarme de este abismo, ahora solo quiero hundirme, llorar, hacerme da√±o‚Ä¶ EXTERNAL_LINK",2 stars
794,"Los antidepresivos son como la religi√≥n, solo te dan la ilusi√≥n de que pueden cambiar tu vida.",5 stars
795,Maldita est√∫pida depresivaüò™,3 stars
796,"Ya no aguant√≥ mas!!!me duele todo,esta mierda no me pasa masüò≠",3 stars
797,Volver a cortarme o solo llorar todos los dias hasta no poder mas,1 star
798,"Me volvere loca,no puedo mas,ya no quiero seguir asi",1 star
799,No lo aguant√≥ masüò≠me duele demasiado y estos medicamentos de mierda no me ayudan en nada,1 star
800,"No tengo el valor para nada,solo quiero llorar",1 star
801,Tal vez ya no haya un futuro para mi...,5 stars
802,Esta vida es una mierda,1 star
803,"Es la primera vez q busco ayuda enserio,debo estar realmente mal para hacerloüò™",1 star
804,Estoy llorando y aun no entiendo de q sirve,5 stars
805,me quiero morirrrrrr,1 star
806,otro d√≠a de mierda,1 star
807,"no importa cu√°nto me esfuerce, nunca soy suficiente para nada, ni para nadie.",1 star
808,que se te corte la voz al hablar cuando est√°s triste es lo peor,1 star
809,"no puedo dormir, cada vez que intento dormir me quedo sin aire",1 star
810,"me estoy mareando mucho y me falta el aire, ojal√° me est√© por morir",1 star
811,que iron√≠a vivir buscando estar bien pero hundirse cada d√≠a m√°s,2 stars
812,"Te pasas el d√≠a fingiendo sonrisas, fingiendo que est√°s bien pero en verdad est√°s que te rompes en mil pedazos, que‚Ä¶ EXTERNAL_LINK",2 stars
813,"me duele verme as√≠, sin saber para d√≥nde arrancar, sin saber para d√≥nde correr",5 stars
814,No s√© como describir lo mierda que me siento,2 stars
815,Que de la mierda me siento,2 stars
816,"Mi novio hizo como que ""bromas"" de que hab√≠a engordado o estaba gorda. Y nada, me quiero morir",1 star
817,"Me atraque re feo hoy y encima tom√© alcohol, me odio tanto",5 stars
818,Cansada de que me vigilen todo el tiempo,2 stars
819,"Me perd√≠. No s√© que me pasa, no era as√≠, no soy as√≠.",1 star
820,Estoy harta de ser una gorda de mrd,1 star
821,Ptm me quiero matar,1 star
822,"No s√© que llegar√≠an a pensar las personas que me conocen si me encuentran esta cuenta. Igual no va pasar, talvez ni les importe.",1 star
823,Lo peor es que as√≠ mi apetito se abre m√°s y ahhhg. Tengo que controlar mi ansiedad.,2 stars
824,"No puedo dejar de llorar, que estr√©s",1 star
825,"Amo cuando no me vigilan a la hora de comer, son muy pocas veces pero debo aprovechar.",3 stars
826,Tengo ganas de llorar hasta no poder m√°s,3 stars
827,"Perdi la iluci√≥n de mi felicidad, cuando me di cuenta que hacia todo para estar bien y a√∫n asi no podia",2 stars
828,Siento ese maldito vac√≠o de nuevo . . . EXTERNAL_LINK,1 star
829,"La angustia que siento, nadie me la puede sacar.",5 stars
830,"Que haces cuando te mueres por dentro, y nadie te ayuda a escapar de toda esa mierda?",1 star
831,Estoy cansado EXTERNAL_LINK,1 star
832,"Y me di cuenta que mi vida comenzo a cambiar, me sentia diferente, mas solo, mas vac√≠o, mas hundido y nada podia cambiar.",2 stars
833,"Necesito dejar de sentirme tan s√≥lo y vac√≠o, pero ya no hay remedioüòî",3 stars
834,"Me siento destrozado, vac√≠o, sin nada por lo que seguir, sin motivos para levantarme cada d√≠a.",1 star
835,"Odio esos momentos en los que me siento solo, y no puedo hacer nada.",5 stars
836,Estoy cansado de esos bajones que vienen as√≠ de la nada.,1 star
837,Realmente estoy en un infierno. EXTERNAL_LINK,5 stars
838,"Vivir en depresi√≥n 
Hacerme v√°rios tatuajes que digan 
(Idiota, cobarde, imb√©cil, inservible) para recordarme que r‚Ä¶ EXTERNAL_LINK",1 star
839,"Ten√≠an raz√≥n, solo soy un fracaso en mi vida",1 star
840,Creo que ya es Tiempo de morirme,1 star
841,Ya no tengo ganas de nada,1 star
842,Matar a todos los que me han hecho la vida imposible durante este tiempo y luego suicidarme?,1 star
843,"Quiero irme a un lugar donde nadie me vea gritar, donde nadie me vea llorar, donde pueda sacar todo ese llanto que me he estado guardando",5 stars
844,D√©jenme en paz pensamientos!! Que ya mucho da√±o me han hecho,5 stars
845,Me siento in√∫til,1 star
846,Maldito insomnio tengo que dormir!!,1 star
847,"Llegan otra vez esos pensamientos de culpa, de tristeza, de rabia, de todo! Ya no se como pedirles que paren!!",5 stars
848,Siento que no sirvo para nada,1 star
849,Que cansado que estoy de tantas cosas,1 star
850,En cualquier momento voy a explotar de llanto,1 star
851,Al parecer no valgo la pena ser amigo de alguien,1 star
852,Ya estoy cansado de llorar,1 star
853,"Al final todos se van,te dejan s√≥lo y vas a tener que aguantar el peso de tus l√°grimas y el de las ganas de renunciar a todo",1 star
854,Esto me est√° lastimando mucho,2 stars
855,Quiero llorar y cortarme por favor,1 star
856,Otra persona mas que se aleja... No sirvo para esto,1 star
857,Que fracaso soy.,1 star
858,Mi mu√±eca esa tan roja que ya no se en donde seguir cortando.,1 star
859,"Me siento vac√≠a, no se que sentir al respecto de mi vida.",2 stars
860,"Nadie me necesita, nadie se preocupa.",1 star
861,Soy una decepcion para todos,1 star
862,Veo mi vida pasando y solo me dan ganas de morir EXTERNAL_LINK,5 stars
863,Que triste no sentir nada.,1 star
864,"Detesto esas noches en las que me deprimo, en las que pasan horas y el llanto no cesa, en las que solo pienso cuchillas y sangre.",1 star
865,"Este miedo que me oprime
Hoy es algo comun.",3 stars
866,Deberia lanzarme del puto balcon y dejar tanta mierda hablandole no se a quien por esta mierda de red social.,1 star
867,Literalmente no tengo ganas de hacer nada,1 star
868,S√≥lo que no decido cuando ser√° el momento de dejar de existir.,1 star
869,Puede que merezca sufrir de la manera en la que lo estoy haciendo.,3 stars
870,Imposible sentirme bien,1 star
871,"Estoy en una crisis, apunto de romper en llanto",1 star
872,Que horrible saber que sos invisible para todo tu alrededor y que le da lo mismo como tu vida se destruye o no.,1 star
873,"Estoy volviendo a tener los mismos pensamientos que antes y eso me desborda, lo supere por varios meses.",5 stars
874,Clorazepan?,1 star
875,"Tengo una depresi√≥n encima, en cualquier momento me llen√≥ el est√≥mago de pastillas",1 star
876,Insomnio de mierda,1 star
877,"Es uno de esos d√≠as que son los peores de mi vida y quiero desaparecer, es tan intenso el dolor que no quiero nada.",1 star
878,"Quiero llorar perd√≥n, no aguanto m√°s nada",1 star
879,Es que no tengo nadie con qui√©n hablar y me siento ahogada al no sacarlo,1 star
880,Puta madre quiero desaparecer,1 star
881,No quiero psiquiatras otra vez,1 star
882,O ser√° la puta depresi√≥n otra vez?,1 star
883,Cinco noches seguidas cort√°ndome no me hacen para nada bien,1 star
884,Enferma con E de est√∫pida mentalllll EXTERNAL_LINK,1 star
885,Esos momentos en los que tengo ganas de enterrarme un cuchillo en la garganta,5 stars
886,Hace tres d√≠as que no como (almuerzo ni cena). Estoy volviendo a lo mismo y me encanta.,5 stars
887,"Promet√≠ que hasta que mi abuela estuviera con vida no iba a hacer nada, pero ella ya no est√°, y gran parte de mi quiere estar con ella",1 star
888,Sentir que no sirves para nada.,1 star
889,Me siento muy mal conmigo misma.,1 star
890,"La depresi√≥n y la ansiedad siempre van a acompa√±arme, y espero de verdad que un dia consigan vencerme.",5 stars
891,Me doy mucho asco.,3 stars
892,"Me siento tan est√∫pida cuando me veo llorando frente al espejo, despreciandome.",1 star
893,Muerta en vida.,1 star
894,"Rutina de siempre.
Unos cortes y a dormir.",5 stars
895,"Y que m√°s da, si ya nada vale la pena.",2 stars
896,Estoy cansada de siempre lo mismo.,1 star
897,No puedo m√°s.,2 stars
898,"Quiero estar sola, no soporto salir a la calle, no soporto hablar, no soporto mirar a la gente, no soporto a la gente.",5 stars
899,"No valgo nada, no s√© hacer nada bien, soy una in√∫til que es insuficiente para todo el mundo, soy una mierda pisotea‚Ä¶ EXTERNAL_LINK",1 star
900,Que harta estoy de todo ya.,5 stars
901,"Pensaba que apoyarme en los dem√°s me vendr√≠a bien... pero no es as√≠, no me entienden, solo me machacan dici√©ndome q‚Ä¶ EXTERNAL_LINK",2 stars
902,"Solo quiero tirarme en la cama, volver a empastillarme y dormir, dejar de luchar por un d√≠a, porque ya estoy muy cansada.",1 star
903,No se que hacer con mi vida. Me siento tan perdida...,1 star
904,"Ayer llor√© lo que llevaba semanas guardando, explot√© completamente.",1 star
905,Quiero cortarme... me hice ara√±azos para calmarme pero... no es suficiente.,2 stars
906,"Soy un puto desastre, siempre tiene que haber alguien encima mia. Soy una carga, solo un problema m√°s.",1 star
907,Solo ducharme y vestirme me deja al l√≠mite de mis fuerzas...,2 stars
908,"Pero aqu√≠ estoy, con heridas en los brazos, hechos por mis propias u√±as, con un ataque de ansiedad y nadie me ve.",1 star
909,"No soporto m√°s estar aqu√≠... todo el mundo est√° mal, yo estoy mal... prefiero estar mal sola y no embargarme tambi√©‚Ä¶ EXTERNAL_LINK",1 star
910,Solo quiero llorar...,1 star
911,"Si piensas mucho, te das cuenta de que casi todo es una mierda.",1 star
912,"Aqu√≠ iniciando la semana con ganas de morirme, como para no perder la costumbre.",5 stars
913,"Tengo tanto miedo, nose que est√° mal en mi.",1 star
914,"Cada vez que trat√≥ hacer algo bien, todo me sale mal.",2 stars
915,Odio tanto mi caracter de mierda.,1 star
916,el 2017 ha sido un a√±o que me ha provocado m√°s inestabilidad emocional que todos los a√±os anteriores juntos.,2 stars
917,"soy un desastre
soy un estorbo
soy una mierda
soy un problema
soy un error.",2 stars
918,Ni siquiera s√© por qu√© siempre estoy cansado. Probablemente es por aferrarme a cosas que deber√≠a haber dejado ir hace mucho tiempo.,1 star
919,"Solo pido que me salgan las cosas bien por estos d√≠as .
No cagarla como siempre . Solo eso pido eso, hacer todo bien ..",4 stars
920,Los pensamientos me hacen mierda.,2 stars
921,Nadie tiene que saber si estamos tristes.,5 stars
922,He estado pensado mucho en lo mierda que es mi vida.,5 stars
923,Odio cuando me quiero dormir y mi mente no se calla.,1 star
924,Todos mis d√≠as son un completo asco .,5 stars
925,"Que horrible es quedarse estancado, sin ganas, ni¬†motivaci√≥n, sin¬†inspiraci√≥n.",1 star
926,Estoy destrozado y nada puede arreglarlo.,1 star
927,Me siento en un abismo en el cual no puedo salir.,1 star
928,"Hay momentos en los que me siento vac√≠o, como si no tuviera nada, como si no tuviera a nadie.",2 stars
929,He llegado al punto de perder el inter√©s por absolutamente todo.,1 star
930,"¬øNunca les paso que se desconocen? Porque a mi me pasa mucho, √∫ltimamente",5 stars
931,intento tragar el nudo que tengo en la garganta...pero solo me hace llorar.,2 stars
932,"No quiero sentirme as√≠ toda la vida, con un enorme vac√≠o en pecho y un nudo en la garganta",1 star
933,√öltimamente me est√°n dando ganas de dormir una semana seguida.,1 star
934,Hoy me siento m√°s fr√°gil que nunca.,2 stars
935,"Lo jodido de la depresi√≥n es que te a√≠sla de amigos, familia... y te deja solo, sin justificaci√≥n de por medio.",2 stars
936,Estoy volviendo a perder la motivaci√≥n para levantarme por las ma√±anas.,2 stars
937,Me estoy haciendo mierda.,1 star
938,Depresi√≥n.,1 star
939,Cuando estoy a solas pienso en quitarme del medio.,2 stars
940,"Acabar√© con mi vida, quiz√°s no hoy, ni ma√±ana, pero lo har√© alg√∫n d√≠a...",5 stars
941,"Quiero que se detenga, que deje de doler.",1 star
942,"La depresi√≥n no es una excusa para evadir a la sociedad, es una realidad que limita cualquier tipo de espacio personal.",2 stars
943,"Quiero llorar, pero ya no salen l√°grimas, quiero gritar, y mi voz se quiebra. Necesito desaparecer.",1 star
944,6:56 am. El insomnio dejo de ser una simple etapa desde las 3 am de 2014,1 star
945,Ansiedad.,3 stars
946,"Me siento igual que hace 4 a√±os. Solo, vac√≠o, in√∫til.",1 star
947,No s√© que hacer con mi vida.,5 stars
948,Me siento tan mal que no puedo fingir no estarlo.,1 star
949,Estr√©s.,3 stars
950,Me duele mucho el alma.,5 stars
951,Estoy cansada de todo y de todos ojala esto fuera una pesadilla de la que pueda despertar...,1 star
952,Que baajoon,1 star
953,Aveces tengo miedo de mi misma!üò≥,5 stars
954,Acompa√±ada o no me siento sola igual,3 stars
955,No puedo masüò•,2 stars
956,La vida misma me empuja hacia la muerte,5 stars
957,La vida es una mierda y los que te quieren solo lo empeoran,2 stars
958,Ya no puedo mas EXTERNAL_LINK,2 stars
959,Me aferro al ma√±ana pero mi pasado me persigue.....,3 stars
960,yo no se la vida me odia :((,1 star
961,Me siento m√°s sola y pat√©tica que nunca.,2 stars
962,"Me veo horrible, estoy triste e intratable, me siento usada y pisoteada, no quiero salir de mi casa, solamente quiero morirme.",2 stars
963,No me quieren en ning√∫n lado y solamente tengo ganas de desaparecer.,2 stars
964,"Nunca s√© que hacer ante los problemas, no tengo reacci√≥n.",2 stars
965,No puedo creer que necesite una pastilla de mierda para sentirme bien.,3 stars
966,No s√© que hacer y estoy atrapada.,5 stars
967,Estoy tan cansada de que la gente a mi alrededor no me haga sentir nada.,2 stars
968,"Siempre estoy al borde del llanto, incluso cuando estoy de buen humor.",5 stars
969,"Mis estabilizadores de √°nimo tienen un mejor efecto cuando reci√©n los empezas a tomar, entonces, no los tomo por un‚Ä¶ EXTERNAL_LINK",3 stars
970,No puedo estar tranquila nunca. Tengo tantas ganas de morirme.,2 stars
971,"Madur√© desde el 2015 a ahora, pero estoy todav√≠a m√°s deprimida.",3 stars
972,Me siento tan desprotegida.,2 stars
973,"Siento la necesidad de lastimarme, que mierda loco estoy tan cansada de sentirme as√≠, no quiero m√°s esto",2 stars
974,Estoy muy sensible √∫ltimamente no me soporto,2 stars
975,"Estoy tan harta que ni llorar me sale pero tengo tanta rabia y tristeza que mejor me voy a dormir, as√≠ evito mandarme cagadas",2 stars
976,Que mal me hace todo que mal me hace todo que mal me hace todo que mal me hace todo,2 stars
977,Tengo que hacer varias cosas pero no tengo nada de energ√≠a y encima estoy triste,2 stars
978,Trato de no pensar en cosas feas para estar al menos un poquito bien pero aunque no piense el sentimiento de tristeza y vac√≠o nunca se va,2 stars
979,No s√© q estoy esperando para matarme,2 stars
980,Que insoportable es mi existencia,2 stars
981,"Me siento tan hundida, tan incapaz, me da tanta rabia ser yo, tanta impotencia no poder",2 stars
982,Que asco existir,2 stars
983,"Me siento como si fuera a estallar.Todo el estr√©s, la presi√≥n y la ansiedad burbujeando, pero nunca soy capaz de sacarlo.S√≥lo sigue adentro.",2 stars
984,Mi mam√° est√° criticando la depresi√≥n y diciendo que tiene derecho a hacerlo porque ella lo pas√≥. Si supiera que yo entiendo de lo que habla.,2 stars
985,A mi nunca nada me puede salir bien.,2 stars
986,"S√≥lo tengo ganas de llorar, pero llorar en la facultad no es una opci√≥n.",3 stars
987,Estoy sensible y me siento una est√∫pida porque todo me pone mal.,2 stars
988,Un d√≠a de estos voy a explotar y sacar todo lo que he guardado durante tanto tiempo. Y qui√©n sabe? Talv√©s todo acabe luego de eso.,2 stars
989,Es incre√≠ble que hasta con mis amigas me termino quedando sola. Ya no soporto que me ignoren.,5 stars
990,No quiero hacer nada,2 stars
991,Quiero morirme,2 stars
992,NO ME APETECE VIVIR,1 star
993,Con ganas de morirme,5 stars
994,"Hay gente que no entiende que el suicidio si es una opci√≥n, a veces la √∫nica visible",2 stars
995,NO PUEDO,1 star
996,De nuevo vac√≠o,1 star
997,SOY GAY SOY GAY SOY GAY SOY GAY SOY PUTAMENTE GAY SOY ASQUEROSAMENTE GAY SOY una mierda,2 stars
998,Cansado si muy cansado de todo de la gente y de la vida,1 star
999,LA VIDA ME MATAA,1 star
1000,Cansado,1 star
